INSERT INTO public.users (id, created_date, updated_date, activated, activation_token, email, first_name, last_name, password, reset_token, role) VALUES (1, '2021-03-19 18:11:34.265496', '2021-03-19 18:11:34.265496', true, null, 'stojce.admin@pukanki.com', 'Admin', 'Admin', '$2a$10$5sCWjzaG9DEdcS6QOWAFZekX3/frBkB2z444K1m/VQRA.XhUgY9ae', null, 'ADMIN');
INSERT INTO public.users (id, created_date, updated_date, activated, activation_token, email, first_name, last_name, password, reset_token, role) VALUES (2, '2021-04-01 14:19:38.844007', '2021-04-01 14:19:38.844007', true, null, 'pandev.10@based.com', 'Goran', 'Panev', '$2a$10$0pY6e7/P.ewDh7uRZhEfAuOL7P46ABf.S2r9Aua85oRuMqDcqztyy', null, 'USER');
INSERT INTO public.users (id, created_date, updated_date, activated, activation_token, email, first_name, last_name, password, reset_token, role) VALUES (3, '2021-04-24 13:13:29.951094', '2021-04-24 13:13:29.951608', true, null, 'jovko.petreski@test.com', 'Jovko', 'Petreski', '$2a$10$mm7ZjFfSx.twQMxYw45pIOJ4xkjpXOfLC1q4iJ88qDMxDzOgmf7mG', null, 'USER');
INSERT INTO public.users (id, created_date, updated_date, activated, activation_token, email, first_name, last_name, password, reset_token, role) VALUES (4, '2021-04-24 13:16:27.509413', '2021-04-24 13:16:27.509413', true, null, 'qwe@qwe.com', 'qwe', 'qwe', '$2a$10$P4poa3o.cP.KPDsLDSzDtuIPuglPcNTtCcfjinSRztRUzM.3024lm', null, 'USER');

INSERT INTO public.accounts (id, created_date, updated_date, balance, currency, status, owner_id) VALUES (7, '2021-03-26 18:59:11.243191', '2021-03-26 18:59:11.243191', 0.00, 'EUR', 'ACTIVE', 1);
INSERT INTO public.accounts (id, created_date, updated_date, balance, currency, status, owner_id) VALUES (1, '2021-03-26 18:28:21.371453', '2021-03-26 18:28:21.371453', 49.88, 'MKD', 'ACTIVE', 1);
INSERT INTO public.accounts (id, created_date, updated_date, balance, currency, status, owner_id) VALUES (8, '2021-04-01 14:24:05.998017', '2021-04-01 14:24:05.998017', 308.26, 'MKD', 'ACTIVE', 2);

INSERT INTO public.transactions (id, amount, commission, currency, description, status, type, from_account_id, to_account_id, created_date, updated_date) VALUES (5, 10.40, 0.52, 'MKD', 'WITHDRAW at the shalter', 'SUCCESSFUL', 'WITHDRAW', 1, null, '2021-03-28 17:07:33.807984', '2021-03-28 17:07:33.807984');
INSERT INTO public.transactions (id, amount, commission, currency, description, status, type, from_account_id, to_account_id, created_date, updated_date) VALUES (6, 100.40, 0.00, 'MKD', 'Deposit at the shalter', 'SUCCESSFUL', 'DEPOSIT', null, 8, '2021-04-01 14:26:11.931945', '2021-04-01 14:26:11.931945');
INSERT INTO public.transactions (id, amount, commission, currency, description, status, type, from_account_id, to_account_id, created_date, updated_date) VALUES (7, 30.40, 3.04, 'MKD', 'Plakanje na dolg kon lihvar', 'SUCCESSFUL', 'PAYMENT', 8, 1, '2021-04-01 14:30:11.492835', '2021-04-01 14:30:11.492835');
INSERT INTO public.transactions (id, amount, commission, currency, description, status, type, from_account_id, to_account_id, created_date, updated_date) VALUES (1, 30.40, 0.00, 'MKD', 'Deposit at the shalter', 'SUCCESSFUL', 'DEPOSIT', null, 1, '2021-03-28 16:26:20.544346', '2021-03-28 16:26:20.544346');
INSERT INTO public.transactions (id, amount, commission, currency, description, status, type, from_account_id, to_account_id, created_date, updated_date) VALUES (8, 10.40, 0.00, 'MKD', 'Deposit at the shalter', 'SUCCESSFUL', 'DEPOSIT', null, 8, '2021-04-20 12:51:42.792433', '2021-04-20 12:51:42.792433');
INSERT INTO public.transactions (id, amount, commission, currency, description, status, type, from_account_id, to_account_id, created_date, updated_date) VALUES (10, 15.40, 0.77, 'MKD', 'Withdrawing from ATM', 'SUCCESSFUL', 'WITHDRAW', 8, null, '2021-04-20 15:59:02.428252', '2021-04-20 15:59:02.428252');
INSERT INTO public.transactions (id, amount, commission, currency, description, status, type, from_account_id, to_account_id, created_date, updated_date) VALUES (11, 22.40, 0.00, 'MKD', 'Deposit at the shalter', 'SUCCESSFUL', 'DEPOSIT', null, 8, '2021-04-20 16:01:42.495182', '2021-04-20 16:01:42.495182');
INSERT INTO public.transactions (id, amount, commission, currency, description, status, type, from_account_id, to_account_id, created_date, updated_date) VALUES (12, 100.40, 0.00, 'MKD', 'Deposit at the shalter', 'SUCCESSFUL', 'DEPOSIT', null, 8, '2021-04-24 16:05:01.554799', '2021-04-24 16:05:01.555336');
INSERT INTO public.transactions (id, amount, commission, currency, description, status, type, from_account_id, to_account_id, created_date, updated_date) VALUES (13, 10.40, 0.00, 'MKD', 'Deposit at the shalter', 'SUCCESSFUL', 'DEPOSIT', null, 8, '2021-04-24 17:05:25.946947', '2021-04-24 17:05:25.946947');
INSERT INTO public.transactions (id, amount, commission, currency, description, status, type, from_account_id, to_account_id, created_date, updated_date) VALUES (14, 15.40, 0.00, 'MKD', 'Deposit at the shalter', 'SUCCESSFUL', 'DEPOSIT', null, 8, '2021-04-24 17:05:39.143436', '2021-04-24 17:05:39.143436');
INSERT INTO public.transactions (id, amount, commission, currency, description, status, type, from_account_id, to_account_id, created_date, updated_date) VALUES (15, 17.40, 0.00, 'MKD', 'Deposit at the shalter', 'SUCCESSFUL', 'DEPOSIT', null, 8, '2021-04-24 17:05:42.928214', '2021-04-24 17:05:42.928214');
INSERT INTO public.transactions (id, amount, commission, currency, description, status, type, from_account_id, to_account_id, created_date, updated_date) VALUES (16, 20.40, 0.00, 'MKD', 'Deposit at the shalter', 'SUCCESSFUL', 'DEPOSIT', null, 8, '2021-04-24 17:05:50.105906', '2021-04-24 17:05:50.105906');
INSERT INTO public.transactions (id, amount, commission, currency, description, status, type, from_account_id, to_account_id, created_date, updated_date) VALUES (17, 30.40, 0.00, 'MKD', 'Deposit at the shalter', 'SUCCESSFUL', 'DEPOSIT', null, 8, '2021-04-24 17:05:53.649840', '2021-04-24 17:05:53.649840');
INSERT INTO public.transactions (id, amount, commission, currency, description, status, type, from_account_id, to_account_id, created_date, updated_date) VALUES (18, 10.40, 0.52, 'MKD', 'WITHDRAW at the shalter', 'SUCCESSFUL', 'WITHDRAW', 8, null, '2021-04-24 17:06:08.155812', '2021-04-24 17:06:08.155812');
INSERT INTO public.transactions (id, amount, commission, currency, description, status, type, from_account_id, to_account_id, created_date, updated_date) VALUES (19, 60.40, 0.00, 'MKD', 'Deposit at the shalter', 'SUCCESSFUL', 'DEPOSIT', null, 8, '2021-04-24 17:06:16.147549', '2021-04-24 17:06:16.147549');
INSERT INTO public.transactions (id, amount, commission, currency, description, status, type, from_account_id, to_account_id, created_date, updated_date) VALUES (20, 20.40, 1.02, 'MKD', 'WITHDRAW at the shalter', 'SUCCESSFUL', 'WITHDRAW', 8, null, '2021-04-24 17:06:21.245831', '2021-04-24 17:06:21.245831');
INSERT INTO public.transactions (id, amount, commission, currency, description, status, type, from_account_id, to_account_id, created_date, updated_date) VALUES (21, 40.40, 2.02, 'MKD', 'WITHDRAW at the shalter', 'SUCCESSFUL', 'WITHDRAW', 8, null, '2021-04-24 17:06:32.918008', '2021-04-24 17:06:32.918008');
INSERT INTO public.transactions (id, amount, commission, currency, description, status, type, from_account_id, to_account_id, created_date, updated_date) VALUES (22, 20.40, 0.00, 'MKD', 'Deposit at the shalter', 'SUCCESSFUL', 'DEPOSIT', null, 8, '2021-04-24 17:06:39.361902', '2021-04-24 17:06:39.361902');
INSERT INTO public.transactions (id, amount, commission, currency, description, status, type, from_account_id, to_account_id, created_date, updated_date) VALUES (23, 40.40, 0.00, 'MKD', 'Deposit at the shalter', 'SUCCESSFUL', 'DEPOSIT', null, 8, '2021-04-24 17:06:44.093195', '2021-04-24 17:06:44.093195');